SNP	CHR	BP	A1	A2	BETA	SE	P
rs13019891	2	113072292	G	T	-0.459766349199045	0.0305117686196163	2.61001590498646e-51
rs1800629	6	31575254	G	A	0.559892828596288	0.0433937141853052	4.35021018431788e-38
rs1612904	6	32701241	C	A	-0.398397043704096	0.0319048623816513	8.78706910663239e-36
rs7582694	2	191105394	C	G	-0.37418542250737	0.031387698529816	9.15529756765933e-33
rs3807306	7	128940626	G	T	0.270482147848497	0.0294938143565082	4.69480843761541e-20
rs1233478	6	29510044	G	T	0.349958344911342	0.0397231469970319	1.25218393248681e-18
rs7823055	8	54599116	G	T	-0.246991468311428	0.02882797826145	1.05508866946966e-17
rs200484	6	27807896	A	G	0.370045235972495	0.0456864319284806	5.51063482135028e-16
rs71557334	6	26365685	G	T	0.339706219217015	0.0444919457830953	2.2541842680046e-14
rs4843868	16	85939795	C	T	-0.237488159809428	0.0392904485695783	1.4994401450144e-09
rs1422673	5	151059427	C	T	0.188979319979961	0.0314530816266049	1.87487165332531e-09
rs3925075	16	31336427	A	G	-0.164541020413402	0.0292904220525857	1.93660799378439e-08
rs2736340	8	11486464	C	T	0.172891265911768	0.0310397479972125	2.547454792961e-08
